Feature,Importance
Opening_Stock,0.5111609893392994
Prev_Closing,0.2900103725979638
Total_Sold,0.02839230811920978
Cash,0.023965464180821988
HSD1_Sold,0.022374470124545475
HSD2_Sold,0.020754983652667428
Online,0.01825746002976011
HSD3_Sold,0.01768135273104856
MS_Sold,0.015031096670924178
DayOfWeek,0.011148022274760359
Card,0.010950455743573817
