Feature,Importance
Opening_Stock,0.5105378162073132
Prev_Closing,0.2846001964837229
Total_Sold,0.026952466651901267
Cash,0.024727517869818506
HSD1_Sold,0.022996667025047653
HSD2_Sold,0.0211271966024351
Online,0.01885157706289244
HSD3_Sold,0.017408380830364997
MS_Sold,0.016446892788809113
Card,0.013068574639225764
DayOfWeek,0.011750020445037054
Rolling_7d_Sales,0.010411574514909244
